"Alias","Original"
"AADAT","AADAT"
"KAT2","AADAT"
"KATII","AADAT"
"KYAT2","AADAT"
"AASS","AASS"
"LKR/SDH","AASS"
"LKRSDH","AASS"
"LORSDH","AASS"
"ABCB6","ABCB6"
"ABC","ABCB6"
"LAN","ABCB6"
"MTABC3","ABCB6"
"PRP","PRDX2"
"umat","ABCB6"
"ABCB7","ABCB7"
"ABC7","ABCB7"
"ASAT","ABCB7"
"Atm1p","ABCB7"
"EST140535","ABCB7"
"ABCD1","ABCD1"
"ABC42","ABCD1"
"ALD","ABCD1"
"ALDP","ABCD1"
"AMN","ABCD1"
"ABCD3","ABCD3"
"ABC43","ABCD3"
"CBAS5","ABCD3"
"PMP70","ABCD3"
"PXMP1","ABCD3"
"ZWS2","ABCD3"
"ACACB","ACACB"
"ACACbeta","ACACB"
"ACC-beta","ACACB"
"ACC2","ACACB"
"ACCB","ACACB"
"ACCbeta","ACACB"
"HACC275","ACACB"
"ACAD8","ACAD8"
"ACAD-8","ACAD8"
"ARC42","ACAD8"
"IBDH","ACAD8"
"ACAD9","ACAD9"
"MC1DN20","ACAD9"
"NPD002","ACAD9"
"ACADM","ACADM"
"ACAD1","ACADM"
"MCAD","ACADM"
"MCADH","ACADM"
"ACADS","ACADS"
"ACAD3","ACADS"
"SCAD","ACADS"
"CPN2","CPN2"
"ACBP","CPN2"
"ACLY","ACLY"
"ACL","ACLY"
"ATPCL","ACLY"
"CLATP","ACLY"
"ACOT2","ACOT2"
"CTE-IA","ACOT2"
"CTE1A","ACOT2"
"MTE1","ACOT2"
"PTE2","ACOT2"
"PTE2A","ACOT2"
"ZAP128","ACOT2"
"ACSF2","ACSF2"
"ACSMW","ACSF2"
"AVYV493","ACSF2"
"ACSF3","ACSF3"
"ACSL1","ACSL1"
"ACS1","ACSL1"
"FACL1","ACSL1"
"FACL2","ACSL1"
"LACS","ACSL1"
"LACS1","ACSL1"
"LACS2","ACSL1"
"ACSM3","ACSM3"
"SA","ACSM3"
"SAH","ACSM3"
"FDX1","FDX1"
"ADX","FDX1"
"FDX","FDX1"
"LOH11CR1D","FDX1"
"AGK","AGK"
"CATC5","AGK"
"CTRCT38","AGK"
"MTDPS10","AGK"
"MULK","AGK"
"AGXT2","AGXT2"
"AGT2","AGXT2"
"BAIBA","AGXT2"
"DAIBAT","AGXT2"
"AIFM1","AIFM1"
"AIF","AIFM1"
"AUNX1","AIFM1"
"CMT2D","GARS1"
"CMTX4","AIFM1"
"COWCK","AIFM1"
"COXPD6","AIFM1"
"DFNX5","AIFM1"
"NADMR","AIFM1"
"NAMSD","AIFM1"
"PDCD8","AIFM1"
"SEMDHL","AIFM1"
"AIP","AURKAIP1"
"ARA9","AIP"
"FKBP16","AIP"
"FKBP37","AIP"
"PITA1","AIP"
"SMTPHN","AIP"
"XAP-2","AIP"
"XAP2","AIP"
"AURKAIP1","AURKAIP1"
"AKIP","AURKAIP1"
"MRP-S38","AURKAIP1"
"mS38","AURKAIP1"
"ALDH2","ALDH2"
"ALDH-E2","ALDH2"
"ALDHI","ALDH2"
"ALDM","ALDH2"
"IGFALS","IGFALS"
"ACLSD","IGFALS"
"ALS","IGFALS"
"AMACR","AMACR"
"AMACRD","AMACR"
"CBAS4","AMACR"
"P504S","AMACR"
"RACE","AMACR"
"RM","AMACR"
"SLC25A6","SLC25A6"
"AAC3","SLC25A6"
"ANT","SLC25A6"
"ANT 2","SLC25A6"
"ANT 3","SLC25A6"
"ANT3","SLC25A6"
"ANT3Y","SLC25A6"
"ANAPC4","ANAPC4"
"APC4","ANAPC4"
"APEX1","APEX1"
"APE","APEX1"
"APE1","APEX1"
"APEN","APEX1"
"APEX","APEX1"
"APX","APEX1"
"HAP1","APEX1"
"REF1","APEX1"
"ARL1","ARL1"
"ARFL1","ARL1"
"ARL2","ARL2"
"ARFL2","ARL2"
"MRCS1","ARL2"
"ATAD1","ATAD1"
"AFDC1","ATAD1"
"FNP001","ATAD1"
"HKPX4","ATAD1"
"Msp1","ATAD1"
"THORASE","ATAD1"
"hATAD1","ATAD1"
"ATP23","ATP23"
"KUB3","ATP23"
"XRCC6BP1","ATP23"
"ATP5PD","ATP5PD"
"APT5H","ATP5PD"
"ATP5H","ATP5PD"
"ATPQ","ATP5PD"
"ATP5ME","ATP5ME"
"ATP5I","ATP5ME"
"ATP5K","ATP5ME"
"ATP5PF","ATP5PF"
"ATP5","ATP5PF"
"ATP5A","ATP5PF"
"ATP5J","ATP5PF"
"ATPM","ATP5PF"
"CF6","ATP5PF"
"F6","ATP5PF"
"DMAC2L","DMAC2L"
"ATP5S","DMAC2L"
"ATPW","DMAC2L"
"FB","DMAC2L"
"HSU79253","DMAC2L"
"ATP5PO","ATP5PO"
"ATP5O","ATP5PO"
"ATPO","ATP5PO"
"HMC08D05","ATP5PO"
"MC5DN7","ATP5PO"
"OSCP","ATP5PO"
"ACOT7","ACOT7"
"ACH1","ACOT7"
"ACT","ACOT7"
"BACH","ACOT7"
"CTE-II","ACOT7"
"LACH","ACOT7"
"LACH1","ACOT7"
"hBACH","ACOT7"
"BAK1","BAK1"
"BAK","BAK1"
"BAK-LIKE","BAK1"
"BCL2L7","BAK1"
"CDN1","BAK1"
"BAX","BAX"
"BCL2L4","BAX"
"BCAT2","BCAT2"
"BCAM","BCAT2"
"BCATM","BCAT2"
"BCT2","BCAT2"
"HVLI","BCAT2"
"PP18","BCAT2"
"BCO2","BCO2"
"B-DIOX-II","BCO2"
"BCDO2","BCO2"
"BCS1L","BCS1L"
"BCS","BCS1L"
"BCS1","BCS1L"
"BJS","BCS1L"
"FLNMS","BCS1L"
"GRACILE","BCS1L"
"Hs.6719","BCS1L"
"MC3DN1","BCS1L"
"PTD","BCS1L"
"h-BCS","BCS1L"
"h-BCS1","BCS1L"
"BDH1","BDH1"
"BDH","BDH1"
"SDR9C1","BDH1"
"BNIP3","BNIP3"
"HABON","BNIP3"
"NIP3","BNIP3"
"BOLA1","BOLA1"
"CGI-143","BOLA1"
"BOLA3","BOLA3"
"MMDS2","BOLA3"
"BPHL","BPHL"
"BPH-RP","BPHL"
"MCNAA","BPHL"
"VACVASE","BPHL"
"C1QBP","C1QBP"
"COXPD33","C1QBP"
"GC1QBP","C1QBP"
"HABP1","C1QBP"
"SF2AP32","C1QBP"
"SF2p32","C1QBP"
"gC1Q-R","C1QBP"
"gC1qR","C1QBP"
"p32","C1QBP"
"CASP3","CASP3"
"CPP32","CASP3"
"CPP32B","CASP3"
"SCA-1","CASP3"
"CASP9","CASP9"
"APAF-3","CASP9"
"APAF3","CASP9"
"ICE-LAP6","CASP9"
"MCH6","CASP9"
"PPP1R56","CASP9"
"CPT1C","CPT1C"
"CATL1","CPT1C"
"CPT I-C","CPT1C"
"CPT1-B","CPT1C"
"CPT1P","CPT1C"
"CPTI-B","CPT1C"
"CPTIC","CPT1C"
"SPG73","CPT1C"
"CBR3","CBR3"
"HEL-S-25","CBR3"
"SDR21C2","CBR3"
"hCBR3","CBR3"
"HCCS","HCCS"
"CCHL","HCCS"
"LSDMCA1","HCCS"
"MCOPS7","HCCS"
"MLS","HCCS"
"CHDH","CHDH"
"CHPT1","CHPT1"
"CPT","CHPT1"
"CPT1","CPT2"
"NDUFAF1","NDUFAF1"
"CGI-65","NDUFAF1"
"CGI65","NDUFAF1"
"CIA30","NDUFAF1"
"MC1DN11","NDUFAF1"
"CLK1","COQ7"
"CLK","CLK1"
"CLK/STY","CLK1"
"STY","CLK1"
"CLPB","CLPB"
"ANKCLB","CLPB"
"ANKCLP","CLPB"
"HSP78","CLPB"
"MEGCANN","CLPB"
"MGCA7","CLPB"
"MGCA7A","CLPB"
"SCN9","CLPB"
"SKD3","CLPB"
"CLPP","CLPP"
"DFNB81","CLPP"
"PRLTS3","CLPP"
"CLPX","CLPX"
"EPP2","CLPX"
"CLYBL","CLYBL"
"CLB","CLYBL"
"GNAQ","GNAQ"
"CMAL","GNAQ"
"CMC1","GNAQ"
"G-ALPHA-q","GNAQ"
"GAQ","GNAQ"
"SWS","GNAQ"
"CMC2","CMC2"
"2310061C15Rik","CMC2"
"C16orf61","CMC2"
"DC13","CMC2"
"CMC4","CMC4"
"C6.1B","CMC4"
"MTCP1","CMC4"
"MTCP1B","CMC4"
"MTCP1NB","CMC4"
"p8","CMC4"
"p8MTCP1","CMC4"
"CMPK2","CMPK2"
"NDK","CMPK2"
"TMPK2","CMPK2"
"TYKi","CMPK2"
"UMP-CMPK2","CMPK2"
"COA1","COA1"
"C7orf44","COA1"
"MITRAC15","COA1"
"COA4","COA4"
"CHCHD8","COA4"
"CMC3","COA4"
"E2IG2","COA4"
"COA5","COA5"
"6330578E17Rik","COA5"
"C2orf64","COA5"
"CEMCOX3","COA5"
"MC4DN9","COA5"
"Pet191","COA5"
"COA6","COA6"
"C1orf31","COA6"
"CEMCOX4","COA6"
"MC4DN13","COA6"
"COA7","COA7"
"C1orf163","COA7"
"RESA1","COA7"
"SCAN3","COA7"
"SELRC1","COA7"
"COA8","COA8"
"APOP","COA8"
"APOP1","COA8"
"APOPT1","COA8"
"C14orf153","COA8"
"MC4DN17","COA8"
"COQ3","COQ3"
"DHHBMT","COQ3"
"DHHBMTASE","COQ3"
"UG0215E05","COQ3"
"bA9819.1","COQ3"
"COQ4","COQ4"
"CGI-92","COQ4"
"COQ10D7","COQ4"
"SPAX10","COQ4"
"COQ5","COQ5"
"COQ10D9","COQ5"
"COQ6","COQ6"
"CGI-10","COQ6"
"CGI10","COQ6"
"COQ10D6","COQ6"
"COQ7","COQ7"
"CAT5","COQ7"
"CLK-1","COQ7"
"COQ10D8","COQ7"
"HMNR9","COQ7"
"COQ8A","COQ8A"
"ADCK3","COQ8A"
"ARCA2","COQ8A"
"CABC1","COQ8A"
"COQ10D4","COQ8A"
"COQ8","COQ8A"
"SCAR9","COQ8A"
"COQ9","COQ9"
"C16orf49","COQ9"
"COQ10D5","COQ9"
"COX10","COX10"
"MC4DN3","COX10"
"COX11","COX11"
"COX11P","COX11"
"MC4DN23","COX11"
"COX14","COX14"
"C12orf62","COX14"
"MC4DN10","COX14"
"PCAG1","COX14"
"COX15","COX15"
"CEMCOX2","COX15"
"HAS","COX15"
"MC4DN6","COX15"
"COX16","COX16"
"C14orf112","COX16"
"HSPC203","COX16"
"MC4DN22","COX16"
"hCOX16","COX16"
"COX17","COX17"
"COX18","COX18"
"COX18HS","COX18"
"OXA1L2","COX18"
"COX20","COX20"
"FAM36A","COX20"
"MC4DN11","COX20"
"COX5A","COX5A"
"COX","COX8A"
"COX-VA","COX5A"
"MC4DN20","COX5A"
"VA","COX5A"
"COX5B","COX5B"
"COXVB","COX5B"
"COX8A","COX8A"
"COX8","COX8A"
"COX8-2","COX8A"
"COX8L","COX8A"
"MC4DN15","COX8A"
"VIII","COX8A"
"VIII-L","COX8A"
"CPT1A","CPT1A"
"CPT1-L","CPT1A"
"L-CPT1","CPT1A"
"CPT2","CPT2"
"CPTASE","CPT2"
"IIAE4","CPT2"
"CRY1","CRY1"
"DSPD","CRY1"
"PHLL1","CRY1"
"CYB5B","CYB5B"
"CYB5-M","CYB5B"
"CYPB5M","CYB5B"
"OMB5","CYB5B"
"CYCS","CYCS"
"CYC","CYCS"
"HCS","CYCS"
"THC4","CYCS"
"DCXR","DCXR"
"DCR","DCXR"
"HCR2","DCXR"
"HCRII","DCXR"
"KIDCR","DCXR"
"P34H","DCXR"
"PNTSU","DCXR"
"SDR20C1","DCXR"
"XR","DCXR"
"DDX28","DDX28"
"MDDX28","DDX28"
"DECR1","DECR1"
"DECR","DECR1"
"NADPH","DECR1"
"SDR18C1","DECR1"
"DELE1","DELE1"
"DELE","DELE1"
"DELE1(L)","DELE1"
"KIAA0141","DELE1"
"DGUOK","DGUOK"
"MTDPS3","DGUOK"
"NCPH","DGUOK"
"NCPH1","DGUOK"
"PEOB4","DGUOK"
"dGK","DGUOK"
"QDPR","QDPR"
"DHPR","QDPR"
"HDHPR","QDPR"
"PKU2","QDPR"
"SDR33C1","QDPR"
"DHRS4","DHRS4"
"CR","DHRS4"
"NRDR","DHRS4"
"PHCR","DHRS4"
"PSCD","DHRS4"
"SCAD-SRL","DHRS4"
"SDR-SRL","DHRS4"
"SDR25C1","DHRS4"
"SDR25C2","DHRS4"
"DHX30","DHX30"
"DDX30","DHX30"
"NEDMIAL","DHX30"
"RETCOR","DHX30"
"SLC25A10","SLC25A10"
"DIC","SLC25A10"
"MTDPS19","SLC25A10"
"DLD","LDHD"
"DLDD","DLD"
"DLDH","DLD"
"E3","DLD"
"GCSL","DLD"
"LAD","DLD"
"OGDC-E3","DLD"
"PHE3","DLD"
"DNM1L","DNM1L"
"DLP1","DNM1L"
"DRP1","DNM1L"
"DVLP","DNM1L"
"DYMPLE","DNM1L"
"EMPF","DNM1L"
"EMPF1","DNM1L"
"HDYNIV","DNM1L"
"OPA5","DNM1L"
"DMAC1","DMAC1"
"C9orf123","DMAC1"
"TMEM261","DMAC1"
"DUS2","DUS2"
"DUS2L","DUS2"
"SMM1","DUS2"
"URLC8","DUS2"
"ECH1","ECH1"
"HPXEL","ECH1"
"HADHA","HADHA"
"ECHA","HADHA"
"GBP","HADHA"
"HADH","HADH"
"LCEH","HADHA"
"LCHAD","HADHA"
"MTPA","HADHA"
"TP-ALPHA","HADHA"
"HADHB","HADHB"
"ECHB","HADHB"
"MSTP029","HADHB"
"MTPB","HADHB"
"MTPD","HADHB"
"MTPD2","HADHB"
"TP-BETA","HADHB"
"ECI1","ECI1"
"DCI","ECI1"
"ECI2","ECI2"
"ACBD2","ECI2"
"DRS-1","ECI2"
"DRS1","ECI2"
"HCA88","ECI2"
"PECI","ECI2"
"dJ1013A10.3","ECI2"
"ECSIT","ECSIT"
"SITPEC","ECSIT"
"GFM1","GFM1"
"COXPD1","GFM1"
"EFG","GFM1"
"EFG1","GFM1"
"EFGM","GFM1"
"EGF1","GFM1"
"GFM","GFM1"
"hEFG1","GFM1"
"mtEF-G1","GFM1"
"EFHD1","EFHD1"
"MST133","EFHD1"
"MSTP133","EFHD1"
"PP3051","EFHD1"
"SWS2","EFHD1"
"TUFM","TUFM"
"COXPD4","TUFM"
"EF-TuMT","TUFM"
"EFTU","TUFM"
"P43","TUFM"
"SMDT1","SMDT1"
"C22orf32","SMDT1"
"DDDD","SMDT1"
"EMRE","SMDT1"
"ERAL1","ERAL1"
"CEGA","ERAL1"
"ERA","ERAL1"
"ERA-W","ERAL1"
"ERAL1A","ERAL1"
"ERAL1B","ERAL1"
"H-ERA","ERAL1"
"HERA-A","ERAL1"
"HERA-B","ERAL1"
"PRLTS6","ERAL1"
"ETFA","ETFA"
"EMA","ETFA"
"GA2","ETFA"
"MADD","ETFA"
"ETFB","ETFB"
"FP585","ETFB"
"ETHE1","ETHE1"
"HSCO","ETHE1"
"YF13H12","ETHE1"
"EXOG","EXOG"
"ENDOGL1","EXOG"
"ENDOGL2","EXOG"
"ENGL","EXOG"
"ENGL-a","EXOG"
"ENGL-b","EXOG"
"ENGLA","EXOG"
"ENGLB","EXOG"
"BRCA2","BRCA2"
"BRCC2","BRCA2"
"BROVCA2","BRCA2"
"FACD","BRCA2"
"FAD","BRCA2"
"FAD1","BRCA2"
"FANCD","BRCA2"
"FANCD1","BRCA2"
"GLM3","BRCA2"
"PNCA2","BRCA2"
"XRCC11","BRCA2"
"FAHD1","FAHD1"
"C16orf36","FAHD1"
"ODx","FAHD1"
"YISKL","FAHD1"
"FAS","FAS"
"ALPS1A","FAS"
"APO-1","FAS"
"APT1","FAS"
"CD95","FAS"
"FAS1","FAS"
"FASTM","FAS"
"TNFRSF6","FAS"
"FASTK","FASTK"
"FAST","FASTK"
"FDX2","FDX2"
"FDX1L","FDX2"
"MEOAL","FDX2"
"FHIT","FHIT"
"AP3Aase","FHIT"
"FRA3B","FHIT"
"FIS1","FIS1"
"CGI-135","FIS1"
"TTC11","FIS1"
"FKBP8","FKBP8"
"FKBP38","FKBP8"
"FKBPr38","FKBP8"
"FDPS","FDPS"
"FPPS","FDPS"
"FPS","FDPS"
"POROK9","FDPS"
"FXN","FXN"
"CyaY","FXN"
"FA","FXN"
"FARR","FXN"
"FRDA","FXN"
"X25","FXN"
"S100A4","S100A4"
"18A2","S100A4"
"42A","S100A4"
"CAPL","S100A4"
"FSP1","S100A4"
"MTS1","S100A4"
"P9KA","S100A4"
"PEL98","S100A4"
"GARS1","GARS1"
"DSMAV","GARS1"
"GARS","GARS1"
"GlyRS","GARS1"
"HMN5","GARS1"
"HMN5A","GARS1"
"HMND5","GARS1"
"SMAD1","GARS1"
"SMAJI","GARS1"
"GATB","GATB"
"COXPD41","GATB"
"HSPC199","GATB"
"PET112","GATB"
"PET112L","GATB"
"GATC","GATC"
"15E1.2","GATC"
"COXPD42","GATC"
"GBF1","PTGES2"
"ARF1GEF","GBF1"
"CMT2GG","GBF1"
"CMTDI2","GBF1"
"CMTDIA","GBF1"
"GCDH","GCDH"
"ACAD5","GCDH"
"GCD","GCDH"
"GCSH","GCSH"
"GCE","AMT"
"MMDS7","GCSH"
"NKH","AMT"
"GLDC","GLDC"
"GCE1","GLDC"
"GCSP","GLDC"
"HYGN1","GLDC"
"AMT","AMT"
"GCE2","AMT"
"GCST","AMT"
"GCVT","AMT"
"Gene","Gene"
"GHITM","GHITM"
"DERP2","GHITM"
"HSPC282","GHITM"
"MICS1","GHITM"
"My021","GHITM"
"PTD010","GHITM"
"TMBIM5","GHITM"
"HAGH","HAGH"
"GLO2","HAGH"
"GLO2D","HAGH"
"GLX2","HAGH"
"GLXII","HAGH"
"HAGH1","HAGH"
"GLOD4","GLOD4"
"C17orf25","GLOD4"
"CGI-150","GLOD4"
"HC6","GLOD4"
"HC71","GLOD4"
"GLRX2","GLRX2"
"CGI-133","GLRX2"
"GRX2","GLRX2"
"GLRX5","GLRX5"
"C14orf87","GLRX5"
"FLB4739","GLRX5"
"GRX5","GLRX5"
"PR01238","GLRX5"
"PRO1238","GLRX5"
"PRSA","GLRX5"
"SIDBA3","GLRX5"
"SPAHGC","GLRX5"
"GPAM","GPAM"
"GPAT","GPAM"
"GPAT1","GPAM"
"GPD2","GPD2"
"GDH2","GPD2"
"GPDM","GPD2"
"mGDH","GPD2"
"mGPDH","GPD2"
"GPX1","GPX1"
"GPXD","GPX1"
"GSHPX1","GPX1"
"GPX4","GPX4"
"GPx-4","GPX4"
"GSHPx-4","GPX4"
"MCSP","GPX4"
"PHGPx","GPX4"
"SMDS","GPX4"
"snGPx","GPX4"
"snPHGPx","GPX4"
"GRHPR","GRHPR"
"GLXR","GRHPR"
"GLYD","GRHPR"
"PH2","GRHPR"
"HSPA9","HSPA9"
"CRP40","HSPA9"
"CSA","HSPA9"
"EVPLS","HSPA9"
"GRP-75","HSPA9"
"GRP75","HSPA9"
"HEL-S-124m","HSPA9"
"HSPA9B","HSPA9"
"MOT","HSPA9"
"MOT2","HSPA9"
"MTHSP75","HSPA9"
"PBP74","HSPA9"
"SAAN","HSPA9"
"SIDBA4","HSPA9"
"GRSF1","GRSF1"
"GSTK1","GSTK1"
"GST","GSTK1"
"GST 13-13","GSTK1"
"GST13","GSTK1"
"GST13-13","GSTK1"
"GSTK1-1","GSTK1"
"hGSTK1","GSTK1"
"GUF1","GUF1"
"DEE40","GUF1"
"EF-4","GUF1"
"EF4","GUF1"
"EIEE40","GUF1"
"HSD17B10","HSD17B10"
"17b-HSD10","HSD17B10"
"ABAD","HSD17B10"
"CAMR","HSD17B10"
"DUPXp11.22","HSD17B10"
"ERAB","HSD17B10"
"HADH2","HSD17B10"
"HCD2","HSD17B10"
"HSD10MD","HSD17B10"
"MHBD","HSD17B10"
"MRPP2","HSD17B10"
"MRX17","HSD17B10"
"MRX31","HSD17B10"
"MRXS10","HSD17B10"
"SCHAD","HADH"
"SDR5C1","HSD17B10"
"HAD","HADH"
"HADH1","HADH"
"HADHSC","HADH"
"HCDH","HADH"
"HHF4","HADH"
"MSCHAD","HADH"
"HDHD5","HDHD5"
"CECR5","HDHD5"
"NFE2L2","NFE2L2"
"HEBP1","NFE2L2"
"IMDDHH","NFE2L2"
"NRF2","NFE2L2"
"Nrf-2","NFE2L2"
"HEMK1","HEMK1"
"HEMK","HEMK1"
"MPRMC","HEMK1"
"MTQ1","HEMK1"
"HES1","HES1"
"HES-1","HES1"
"HHL","HES1"
"HRY","HES1"
"bHLHb39","HES1"
"HIBCH","HIBCH"
"HIBYLCOAH","HIBCH"
"HINT1","HINT1"
"HINT","HINT1"
"NMAN","HINT1"
"PKCI-1","HINT1"
"PRKCNH1","HINT1"
"HINT2","HINT2"
"HIT-17","HINT2"
"HINT3","HINT3"
"HINT4","HINT3"
"HMGCL","HMGCL"
"HL","HMGCL"
"HMGCL1","HMGCL"
"HOGA1","HOGA1"
"C10orf65","HOGA1"
"DHDPS2","HOGA1"
"DHDPSL","HOGA1"
"HP3","HOGA1"
"NPL2","HOGA1"
"ADHFE1","ADHFE1"
"ADH8","ADHFE1"
"HMFT2263","ADHFE1"
"HOT","ADHFE1"
"HSCB","HSCB"
"DNAJC20","HSCB"
"HSC20","HSCB"
"JAC1","HSCB"
"SIDBA5","HSCB"
"HSDL1","HSDL1"
"SDR12C3","HSDL1"
"HSDL2","HSDL2"
"C9orf99","HSDL2"
"SDR13C1","HSDL2"
"HTRA2","HTRA2"
"MGCA8","HTRA2"
"OMI","HTRA2"
"PARK13","HTRA2"
"PRSS25","HTRA2"
"MGARP","MGARP"
"C4orf49","MGARP"
"CESP-1","MGARP"
"HUMMR","MGARP"
"OSAP","MGARP"
"MRPL58","MRPL58"
"DS-1","MRPL58"
"DS1","MRPL58"
"ICT1","MRPL58"
"MRP-L58","MRPL58"
"mL62","MRPL58"
"IDE","IDE"
"INSULYSIN","IDE"
"IDH3A","IDH3A"
"RP90","IDH3A"
"IDH3B","IDH3B"
"RP46","IDH3B"
"IDH3G","IDH3G"
"H-IDHG","IDH3G"
"IDI1","IDI1"
"IPP1","IDI1"
"IPPI1","IDI1"
"ISCA1","ISCA1"
"HBLD2","ISCA1"
"ISA1","ISCA1"
"MMDS5","ISCA1"
"hIscA","ISCA1"
"hIscA1","ISCA1"
"ISCA2","ISCA2"
"HBLD1","ISCA2"
"ISA2","ISCA2"
"MMDS4","ISCA2"
"c14_5557","ISCA2"
"ISCU","ISCU"
"2310020H20Rik","ISCU"
"HML","ISCU"
"ISU2","ISCU"
"NIFU","ISCU"
"NIFUN","ISCU"
"hnifU","ISCU"
"IVD","IVD"
"ACAD2","IVD"
"IVDH","IVD"
"KYAT3","KYAT3"
"CCBL2","KYAT3"
"KAT3","KYAT3"
"KATIII","KYAT3"
"GCAT","GCAT"
"KBL","GCAT"
"SLC25A30","SLC25A30"
"KMCP1","SLC25A30"
"LACTB","LACTB"
"G24","LACTB"
"MRPL56","LACTB"
"LDHB","LDHB"
"HEL-S-281","LDHB"
"LDH-B","LDHB"
"LDH-H","LDHB"
"LDHBD","LDHB"
"TRG-5","LDHB"
"LDHD","LDHD"
"DLACD","LDHD"
"LIAS","LIAS"
"HGCLAS","LIAS"
"HUSSY-01","LIAS"
"LAS","LIAS"
"LIP1","LIAS"
"LS","LIAS"
"PDHLD","LIAS"
"LIPT2","LIPT2"
"LYRM1","LYRM1"
"A211C6.1","LYRM1"
"LYRM2","LYRM2"
"DJ122O8.2","LYRM2"
"LYRM4","LYRM4"
"C6orf149","LYRM4"
"CGI-203","LYRM4"
"COXPD19","LYRM4"
"ISD11","LYRM4"
"LYRM7","LYRM7"
"C5orf31","LYRM7"
"MC3DN8","LYRM7"
"MZM1L","LYRM7"
"LYRM9","LYRM9"
"C17orf108","LYRM9"
"HSD24","LYRM9"
"GSTZ1","GSTZ1"
"GSTZ1-1","GSTZ1"
"MAAI","GSTZ1"
"MAAID","GSTZ1"
"MAI","GSTZ1"
"MAIP1","MAIP1"
"C2orf47","MAIP1"
"MTARC2","MTARC2"
"MARC2","MTARC2"
"MOSC2","MTARC2"
"MAVS","MAVS"
"CARDIF","MAVS"
"IPS-1","MAVS"
"IPS1","MAVS"
"VISA","MAVS"
"MCAT","MCAT"
"FASN2C","MCAT"
"MCT","MCAT"
"MCT1","MCAT"
"MT","MCAT"
"NET62","MCAT"
"OPA15","MCAT"
"fabD","MCAT"
"MCCC1","MCCC1"
"MCC-B","MCCC1"
"MCCA","MCCC1"
"MCCCalpha","MCCC1"
"MCCC2","MCCC2"
"MCCB","MCCC2"
"MCCCbeta","MCCC2"
"MCL1","MCL1"
"BCL2L3","MCL1"
"EAT","MCL1"
"MCL1-ES","MCL1"
"MCL1L","MCL1"
"MCL1S","MCL1"
"Mcl-1","MCL1"
"TM","MCL1"
"bcl2-L-3","MCL1"
"mcl1/EAT","MCL1"
"MCUB","MCUB"
"CCDC109B","MCUB"
"MCUR1","MCUR1"
"C6orf79","MCUR1"
"CCDC90A","MCUR1"
"FMP32","MCUR1"
"MECR","MECR"
"CGI-63","MECR"
"DYTOABG","MECR"
"ETR1","MECR"
"FASN2B","MECR"
"NRBF1","MECR"
"OPA16","MECR"
"MFF","MFF"
"C2orf33","MFF"
"EMPF2","MFF"
"GL004","MFF"
"MFN1","MFN1"
"hfzo1","MFN1"
"hfzo2","MFN1"
"MFN2","MFN2"
"CMT2A","MFN2"
"CMT2A2","MFN2"
"CMT2A2A","MFN2"
"CMT2A2B","MFN2"
"CPRP1","MFN2"
"HMSN6A","MFN2"
"HSG","MFN2"
"MARF","MFN2"
"MSL","MFN2"
"SLC25A28","SLC25A28"
"MFRN2","SLC25A28"
"MRS3/4","SLC25A28"
"MRS4L","SLC25A28"
"NPD016","SLC25A28"
"SLC25A32","SLC25A32"
"GLYB","SLC25A32"
"MFT","SLC25A32"
"MFTC","SLC25A32"
"RREI","SLC25A32"
"MGME1","MGME1"
"C20orf72","MGME1"
"DDK1","MGME1"
"MTDPS11","MGME1"
"bA504H3.4","MGME1"
"MGST1","MGST1"
"GST12","MGST1"
"MGST","MGST1"
"MGST-I","MGST1"
"PMAN","MGST1"
"MGST3","MGST3"
"GST-3","MGST3"
"GST-III","MGST3"
"CHCHD4","CHCHD4"
"MIA40","CHCHD4"
"TIMM40","CHCHD4"
"MICOS13","MICOS13"
"C19orf70","MICOS13"
"MIC12","MICOS13"
"MIC13","MICOS13"
"P117","MICOS13"
"QIL1","MICOS13"
"APOO","APOO"
"FAM121B","APOO"
"MIC26","APOO"
"MICOS26","APOO"
"Mic23","APOO"
"My025","APOO"
"MICU1","MICU1"
"CALC","MICU1"
"CBARA1","MICU1"
"EFHA3","MICU1"
"MPXPS","MICU1"
"ara CALC","MICU1"
"MIEF2","MIEF2"
"COXPD49","MIEF2"
"D3B","MIEF2"
"MID49","MIEF2"
"SMCR7","MIEF2"
"MIEF1","MIEF1"
"AltMIEF1","MIEF1"
"D3A","MIEF1"
"HSU79252","MIEF1"
"L0R8F8","MIEF1"
"MID51","MIEF1"
"MIEF1-MP","MIEF1"
"OPA14","MIEF1"
"SMCR7L","MIEF1"
"dJ1104E15.3","MIEF1"
"MIPEP","MIPEP"
"COXPD31","MIPEP"
"HMIP","MIPEP"
"MIP","MIPEP"
"RHOT1","RHOT1"
"ARHT1","RHOT1"
"MIRO-1","RHOT1"
"MIRO1","RHOT1"
"CCDC51","CCDC51"
"MITOK","CCDC51"
"MMAA","MMAA"
"cblA","MMAA"
"MMAB","MMAB"
"ATR","MMAB"
"CFAP23","MMAB"
"cblB","MMAB"
"cob","MMAB"
"MPC1","MPC1"
"BRP44L","MPC1"
"CGI-129","MPC1"
"MPYCD","MPC1"
"SLC54A1","MPC1"
"MPC2","MPC2"
"BRP44","MPC2"
"SLC54A2","MPC2"
"PMPCB","PMPCB"
"Beta-MPP","PMPCB"
"MAS1","PMPCB"
"MPP11","PMPCB"
"MPPB","PMPCB"
"MPPP52","PMPCB"
"P-52","PMPCB"
"MPV17","MPV17"
"CMT2EE","MPV17"
"MTDPS6","MPV17"
"SYM1","MPV17"
"MRM2","MRM2"
"FJH1","MRM2"
"FTSJ2","MRM2"
"HEL97","MRM2"
"MTDPS17","MRM2"
"RRMJ2","MRM2"
"MRM3","MRM3"
"RMTL1","MRM3"
"RNMTL1","MRM3"
"MRS2","MRS2"
"HPT","MRS2"
"MRS2L","MRS2"
"MSRB3","MSRB3"
"DFNB74","MSRB3"
"MTCH1","MTCH1"
"CGI-64","MTCH1"
"PIG60","MTCH1"
"PSAP","MTCH1"
"SLC25A49","MTCH1"
"MTCH2","MTCH2"
"HSPC032","MTCH2"
"MIMP","MTCH2"
"SLC25A50","MTCH2"
"MTFP1","MTFP1"
"HSPC242","MTFP1"
"MTP18","MTFP1"
"MTFR1","MTFR1"
"CHPPR","MTFR1"
"FAM54A2","MTFR1"
"MTG1","MTG1"
"GTP","MTG1"
"GTPBP7","MTG1"
"MTG2","MTG2"
"GTPBP5","MTG2"
"ObgH1","MTG2"
"dJ1005F21.2","MTG2"
"MTHFS","MTHFS"
"HsT19268","MTHFS"
"NEDMEHM","MTHFS"
"TRMU","TRMU"
"LCAL3","TRMU"
"MTO2","TRMU"
"MTU1","TRMU"
"TRMT","TRMU"
"TRMT1","TRMU"
"MTX1","MTX1"
"MTX","MTX1"
"MTXN","MTX1"
"MTX2","MTX2"
"MDPS","MTX2"
"metaxin-2","MTX2"
"MUL1","MUL1"
"C1orf166","MUL1"
"GIDE","MUL1"
"MAPL","MUL1"
"MULAN","MUL1"
"RNF218","MUL1"
"MYG1","MYG1"
"C12orf10","MYG1"
"Gamm1","MYG1"
"MST024","MYG1"
"MSTP024","MYG1"
"MYG","MYG1"
"MYO19","MYO19"
"MYOHD1","MYO19"
"NBR1","NBR1"
"1A1-3B","NBR1"
"IAI3B","NBR1"
"M17S2","NBR1"
"MIG19","NBR1"
"NFU1","NFU1"
"CGI-33","NFU1"
"HIRIP","NFU1"
"HIRIP5","NFU1"
"MMDFS","NFU1"
"MMDS1","NFU1"
"NIFUC","NFU1"
"Nfu","NFU1"
"NifU","NFU1"
"NGRN","NGRN"
"DSC92","NGRN"
"NIT1","NIT1"
"NIT2","NIT2"
"HEL-S-8a","NIT2"
"NLRX1","NLRX1"
"CLR11.3","NLRX1"
"DLNB26","NLRX1"
"NOD26","NLRX1"
"NOD5","NLRX1"
"NOD9","NLRX1"
"NOA1","NOA1"
"C4orf14","NOA1"
"MTG3","NOA1"
"hAtNOS1","NOA1"
"hNOA1","NOA1"
"mAtNOS1","NOA1"
"NOCT","NOCT"
"CCR4L","NOCT"
"CCRN4L","NOCT"
"Ccr4c","NOCT"
"NOC","NOCT"
"NRDC","NRDC"
"NRD1","NRDC"
"hNRD1","NRDC"
"hNRD2","NRDC"
"NSUN2","NSUN2"
"MISU","NSUN2"
"MRT5","NSUN2"
"SAKI","NSUN2"
"TRM4","NSUN2"
"NT5M","NT5M"
"dNT-2","NT5M"
"dNT2","NT5M"
"mdN","NT5M"
"NUBPL","NUBPL"
"C14orf127","NUBPL"
"IND1","NUBPL"
"MC1DN21","NUBPL"
"huInd1","NUBPL"
"NUDT5","NUDT5"
"YSA1","NUDT5"
"YSA1H","NUDT5"
"YSAH1","NUDT5"
"hNUDT5","NUDT5"
"NUDT6","NUDT6"
"ASFGF2","NUDT6"
"FGF-AS","NUDT6"
"FGF2AS","NUDT6"
"GFG-1","NUDT6"
"GFG1","NUDT6"
"NUDT9","NUDT9"
"NUDT10","NUDT9"
"OAT","OAT"
"GACR","OAT"
"HOGA","OAT"
"OATASE","OAT"
"OKT","OAT"
"OPA1","OPA1"
"BERHS","OPA1"
"MGM1","OPA1"
"MTDPS14","OPA1"
"NPG","OPA1"
"NTG","OPA1"
"largeG","OPA1"
"OPA3","OPA3"
"MGA3","OPA3"
"SLC25A15","SLC25A15"
"D13S327","SLC25A15"
"HHH","SLC25A15"
"LNC-HC","SLC25A15"
"ORC1","SLC25A15"
"ORNT1","SLC25A15"
"OXA1L","OXA1L"
"OXA1","OXA1L"
"OXA1L1","OXA1L"
"HCRTR1","HCRTR1"
"ORXR1","HCRTR1"
"OX1R","HCRTR1"
"OXR1","HCRTR1"
"ATP5MC3","ATP5MC3"
"ATP5G3","ATP5MC3"
"DYTSPG","ATP5MC3"
"P3","ATP5MC3"
"ALDH18A1","ALDH18A1"
"ADCL3","ALDH18A1"
"ARCL3A","ALDH18A1"
"GSAS","ALDH18A1"
"P5CS","ALDH18A1"
"PYCS","ALDH18A1"
"SPG9","ALDH18A1"
"SPG9A","ALDH18A1"
"SPG9B","ALDH18A1"
"PHYH","PHYH"
"LN1","PHYH"
"LNAP1","PHYH"
"PAHX","PHYH"
"PHYH1","PHYH"
"RD","PHYH"
"PAN2","RDH14"
"USP52","PAN2"
"PANK2","PANK2"
"C20orf48","PANK2"
"HARP","PANK2"
"HSS","PANK2"
"NBIA1","PANK2"
"PKAN","PANK2"
"MTPAP","MTPAP"
"PAPD1","MTPAP"
"SPAX4","MTPAP"
"TENT6","MTPAP"
"PARK7","PARK7"
"DJ-1","PARK7"
"DJ1","PARK7"
"GATD2","PARK7"
"HEL-S-67p","PARK7"
"PARL","PARL"
"PRO2207","PARL"
"PSARL","PARL"
"PSARL1","PARL"
"PSENIP2","PARL"
"RHBDS1","PARL"
"PCCA","PCCA"
"PCCB","PCCB"
"PDK1","PDK1"
"PDK2","PDK2"
"PDHK2","PDK2"
"PDKII","PDK2"
"PDK3","PDK3"
"CMTX6","PDK3"
"GS1-358P8.4","PDK3"
"PDK4","PDK4"
"PDP1","PDP1"
"PDH","PDP1"
"PDP","PDP1"
"PDPC","PDP1"
"PDPC 1","PDP1"
"PPM2A","PDP1"
"PPM2C","PDP1"
"PDPR","PDPR"
"PDP3","PDPR"
"PGAM5","PGAM5"
"BXLBV68","PGAM5"
"PTGES2","PTGES2"
"C9orf15","PTGES2"
"GBF-1","PTGES2"
"PGES2","PTGES2"
"mPGES-2","PTGES2"
"PGS1","PGS1"
"PHB1","PHB1"
"HEL-215","PHB1"
"HEL-S-54e","PHB1"
"PHB","PHB1"
"PHB2","PHB2"
"BAP","PHB2"
"BCAP37","PHB2"
"Bap37","PHB2"
"PNAS-141","PHB2"
"REA","PHB2"
"hBAP","PHB2"
"p22","PHB2"
"PIM1","PIM1"
"PIM","PIM1"
"PINK1","PINK1"
"BRPK","PINK1"
"PARK6","PINK1"
"SFI1","SFI1"
"PISD","SFI1"
"PPP1R139","SFI1"
"hSfi1p","SFI1"
"PMP22","PXMP2"
"CIDP","PMP22"
"CMT1A","PMP22"
"CMT1E","PMP22"
"DSS","PMP22"
"GAS-3","PMP22"
"GAS3","PMP22"
"HMSNIA","PMP22"
"HNPP","PMP22"
"Sp110","PMP22"
"PNPO","PNPO"
"HEL-S-302","PNPO"
"PDXPO","PNPO"
"PNPT1","PNPT1"
"COXPD13","PNPT1"
"DFNB70","PNPT1"
"OLD35","PNPT1"
"PNPASE","PNPT1"
"SCA25","PNPT1"
"old-35","PNPT1"
"PPIF","PPIF"
"CYP3","PPIF"
"CyP-M","PPIF"
"Cyp-D","PPIF"
"CypD","PPIF"
"PPM1K","PPM1K"
"BCKDH","PPM1K"
"BDP","PPM1K"
"MSUDMV","PPM1K"
"PP2Ckappa","PPM1K"
"PP2Cm","PPM1K"
"PTMP","PPM1K"
"UG0882E07","PPM1K"
"HCRT","HCRT"
"NRCLP1","HCRT"
"OX","HCRT"
"PPOX","HCRT"
"PPTC7","PPTC7"
"TA-PP2C","PPTC7"
"TAPP2C","PPTC7"
"PRDX2","PRDX2"
"HEL-S-2a","PRDX2"
"NKEF-B","PRDX2"
"NKEFB","PRDX2"
"PRX2","PRDX2"
"PRXII","PRDX2"
"PTX1","PRDX2"
"TDPX1","PRDX2"
"TPX1","PRDX2"
"TSA","PRDX2"
"PRDX3","PRDX3"
"AOP-1","PRDX3"
"AOP1","PRDX3"
"HBC189","PRDX3"
"MER5","PRDX3"
"PPPCD","PRDX3"
"PRO1748","PRDX3"
"SCAR32","PRDX3"
"SP-22","PRDX3"
"prx-III","PRDX3"
"PRDX4","PRDX4"
"AOE37-2","PRDX4"
"AOE372","PRDX4"
"HEL-S-97n","PRDX4"
"PRX-4","PRDX4"
"PRDX5","PRDX5"
"ACR1","PRDX5"
"AOEB166","PRDX5"
"B166","PRDX5"
"HEL-S-55","PRDX5"
"PLP","PRDX5"
"PMP20","PRDX5"
"PRDX6","PRDX6"
"PRXV","PRDX5"
"SBBI10","PRDX5"
"prx-V","PRDX5"
"1-Cys","PRDX6"
"AOP2","PRDX6"
"HEL-S-128m","PRDX6"
"LPCAT-5","PRDX6"
"NSGPx","PRDX6"
"PRX","PRDX6"
"aiPLA2","PRDX6"
"p29","PRDX6"
"PYURF","PYURF"
"NDUFAFQ","PYURF"
"PREY","PYURF"
"PRKN","PRKN"
"AR-JP","PRKN"
"LPRS2","PRKN"
"PARK2","PRKN"
"PDJ","PRKN"
"PTCD1","PTCD1"
"PTCD3","PTCD3"
"COXPD51","PTCD3"
"MRP-S39","PTCD3"
"mS39","PTCD3"
"PTH","PTH"
"FIH1","PTH"
"PTH1","PTH"
"PTENP1","PTENP1"
"PTEN-rs","PTENP1"
"PTEN2","PTENP1"
"PTENpg1","PTENP1"
"PTH2","PTENP1"
"psiPTEN","PTENP1"
"PXMP2","PXMP2"
"MPV17L3","PXMP2"
"UQCRC1","UQCRC1"
"D3S3191","UQCRC1"
"PKNPY","UQCRC1"
"QCR1","UQCRC1"
"UQCR1","UQCRC1"
"UQCRC2","UQCRC2"
"MC3DN5","UQCRC2"
"QCR2","UQCRC2"
"UQCR2","UQCRC2"
"UQCRH","UQCRH"
"MC3DN11","UQCRH"
"QCR6","UQCRH"
"UQCR8","UQCRH"
"UQCRB","UQCRB"
"MC3DN3","UQCRB"
"QCR7","UQCRB"
"QP-C","UQCRQ"
"QPC","UQCRQ"
"UQBC","UQCRB"
"UQBP","UQCRB"
"UQCR6","UQCRB"
"UQPC","UQCRB"
"UQCRQ","UQCRQ"
"MC3DN4","UQCRQ"
"QCR8","UQCRQ"
"UQCR7","UQCRQ"
"RAB24","RAB24"
"RBFA","RBFA"
"C18orf22","RBFA"
"HsT169","RBFA"
"RAB5IF","RAB5IF"
"C20orf24","RAB5IF"
"CFSMR2","RAB5IF"
"OPTI","RAB5IF"
"PNAS-11","RAB5IF"
"RCAF1","RAB5IF"
"RIP5","RAB5IF"
"RDH14","RDH14"
"SDR7C4","RDH14"
"RIDA","RIDA"
"HRSP12","RIDA"
"P14.5","RIDA"
"PSP","RIDA"
"UK114","RIDA"
"hp14.5","RIDA"
"RNF2","RNF2"
"BAP-1","RNF2"
"BAP1","RNF2"
"DING","RNF2"
"HIPI3","RNF2"
"LUSYAM","RNF2"
"RING1B","RNF2"
"RING2","RNF2"
"RMD1","RMND1"
"RMND1","RMND1"
"C6orf96","RMND1"
"COXPD11","RMND1"
"bA351K16","RMND1"
"bA351K16.3","RMND1"
"RNH1","RNH1"
"IIAE12","RNH1"
"RAI","RNH1"
"RNH","RNH1"
"ROMO1","ROMO1"
"C20orf52","ROMO1"
"MTGM","ROMO1"
"MTGMP","ROMO1"
"bA353C18.2","ROMO1"
"RPIA","RPIA"
"RPI","RPIA"
"RPIAD","RPIA"
"BLOC1S1","BLOC1S1"
"BLOS1","BLOC1S1"
"BORCS1","BLOC1S1"
"GCN5L1","BLOC1S1"
"MICoA","BLOC1S1"
"RT14","BLOC1S1"
"SAMM50","SAMM50"
"CGI-51","SAMM50"
"OMP85","SAMM50"
"SAM50","SAMM50"
"TOB55","SAMM50"
"TRG-3","SAMM50"
"YNL026W","SAMM50"
"SARDH","SARDH"
"BPR-2","SARDH"
"DMGDHL1","SARDH"
"SAR","SARDH"
"SARD","SARDH"
"SDH","SDHB"
"SCO1","SCO1"
"MC4DN4","SCO1"
"SCOD1","SCO1"
"SCP2","SCP2"
"NLTP","SCP2"
"NSL-TP","SCP2"
"SCOX","SCP2"
"SCP-2","SCP2"
"SCP-CHI","SCP2"
"SCP-X","SCP2"
"SCPX","SCP2"
"SDHA","SDHA"
"CMD1GG","SDHA"
"FP","SDHA"
"MC2DN1","SDHA"
"NDAXOA","SDHA"
"PGL5","SDHA"
"PPGL5","SDHA"
"SDH1","SDHB"
"SDH2","SDHB"
"SDHF","SDHA"
"SDHB","SDHB"
"CWS2","SDHB"
"IP","SDHB"
"MC2DN4","SDHB"
"PGL4","SDHB"
"PPGL4","SDHB"
"SDHIP","SDHB"
"SFXN4","SFXN4"
"BCRM1","SFXN4"
"COXPD18","SFXN4"
"SLC56A4","SFXN4"
"SMIM8","SMIM8"
"C6orf162","SMIM8"
"dJ102H19.2","SMIM8"
"SND1","SND1"
"TDRD11","SND1"
"TSN","SND1"
"Tudor-SN","SND1"
"p100","SND1"
"SPG7","SPG7"
"CAR","SPG7"
"CMAR","SPG7"
"PGN","SPG7"
"SPG5C","SPG7"
"SQOR","SQOR"
"CGI-44","SQOR"
"PRO1975","SQOR"
"SQR","SQOR"
"SQRDL","SQOR"
"SSBP1","SSBP1"
"Mt-SSB","SSBP1"
"OPA13","SSBP1"
"SOSS-B1","SSBP1"
"SSBP","SSBP1"
"mtSSB","SSBP1"
"ALDH5A1","ALDH5A1"
"SSADH","ALDH5A1"
"SSDH","ALDH5A1"
"STOM","STOM"
"BND7","STOM"
"EPB7","STOM"
"EPB72","STOM"
"STX17","STX17"
"SUOX","SUOX"
"SURF1","SURF1"
"CMT4K","SURF1"
"MC4DN1","SURF1"
"SHY1","SURF1"
"SUPV3L1","SUPV3L1"
"SUV3","SUPV3L1"
"TACO1","TACO1"
"CCDC44","TACO1"
"MC4DN8","TACO1"
"TAFAZZIN","TAFAZZIN"
"BTHS","TAFAZZIN"
"CMD3A","TAFAZZIN"
"EFE","TAFAZZIN"
"EFE2","TAFAZZIN"
"G4.5","TAFAZZIN"
"LVNCX","TAFAZZIN"
"TAZ","TAFAZZIN"
"Taz1","TAFAZZIN"
"TCAIM","TCAIM"
"C3orf23","TCAIM"
"TOAG-1","TCAIM"
"TOAG1","TCAIM"
"SDSL","SDSL"
"SDH 2","SDSL"
"SDHL","SDSL"
"SDS-RS1","SDSL"
"TDH","SDSL"
"cSDH","SDSL"
"TEFM","TEFM"
"C17orf42","TEFM"
"COXPD58","TEFM"
"TFAM","TFAM"
"MTDPS15","TFAM"
"MTTF1","TFAM"
"MTTFA","TFAM"
"TCF6","TFAM"
"TCF6L1","TFAM"
"TCF6L2","TFAM"
"TCF6L3","TFAM"
"TFB2M","TFB2M"
"Hkp1","TFB2M"
"h-mtTFB","TFB2M"
"h-mtTFB2","TFB2M"
"hTFB2M","TFB2M"
"mtTFB2","TFB2M"
"ACAT1","ACAT1"
"ACAT","ACAT1"
"MAT","ACAT1"
"T2","ACAT1"
"THIL","ACAT1"
"ACAA1","ACAA1"
"ACAA","ACAA1"
"Lnc-Myd88","ACAA1"
"PTHIO","ACAA1"
"THIO","ACAA1"
"TIMM13","TIMM13"
"TIM13","TIMM13"
"TIM13B","TIMM13"
"TIMM13A","TIMM13"
"TIMM13B","TIMM13"
"ppv1","TIMM13"
"DNAJC19","DNAJC19"
"PAM18","DNAJC19"
"TIM14","DNAJC19"
"TIMM14","DNAJC19"
"TIMM21","TIMM21"
"C18orf55","TIMM21"
"HSPC154","TIMM21"
"TIM21","TIMM21"
"TIMM23","TIMM23"
"TIM23","TIMM23"
"TIMM29","TIMM29"
"C19orf52","TIMM29"
"TIM29","TIMM29"
"TIMM44","TIMM44"
"TIM44","TIMM44"
"TIMM50","TIMM50"
"MGCA9","TIMM50"
"TIM50","TIMM50"
"TIM50L","TIMM50"
"TIMM9","TIMM9"
"TIM9","TIMM9"
"TIM9A","TIMM9"
"KAT5","KAT5"
"ESA1","KAT5"
"HTATIP","KAT5"
"HTATIP1","KAT5"
"NEDFASB","KAT5"
"PLIP","KAT5"
"TIP","KAT5"
"TIP60","KAT5"
"ZC2HC5","KAT5"
"cPLA2","KAT5"
"TOMM20","TOMM20"
"MAS20","TOMM20"
"MOM19","TOMM20"
"TOM20","TOMM20"
"TOMM22","TOMM22"
"1C9-2","TOMM22"
"MST065","TOMM22"
"MSTP065","TOMM22"
"TOM22","TOMM22"
"TOMM34","TOMM34"
"HTOM34P","TOMM34"
"TOM34","TOMM34"
"URCC3","TOMM34"
"TOMM40","TOMM40"
"C19orf1","TOMM40"
"D19S1177E","TOMM40"
"PER-EC1","TOMM40"
"PEREC1","TOMM40"
"TOM40","TOMM40"
"TOP3A","TOP3A"
"MGRISCE2","TOP3A"
"PEOB5","TOP3A"
"TOP3","TOP3A"
"ZGRF7","TOP3A"
"HSP90B2P","HSP90B2P"
"GRP94P1","HSP90B2P"
"GRP94b","HSP90B2P"
"HSP","HSP90B2P"
"HSPCP2","HSP90B2P"
"TRA1P1","HSP90B2P"
"TRAP1","HSP90B2P"
"TRX-CAT1-2","TRX-CAT1-2"
"RNTMI1","TRX-CAT1-2"
"RNTMI2","TRX-CAT1-2"
"RNTMT1","TRX-CAT1-2"
"TRM1","TRX-CAT1-2"
"TRM2","TRX-CAT1-2"
"TRMI2","TRX-CAT1-2"
"TRNAM1","TRX-CAT1-2"
"TRNAMI2","TRX-CAT1-2"
"TRX-CAT1-3","TRX-CAT1-2"
"TRNT1","TRNT1"
"CCA1","TRNT1"
"CGI-47","TRNT1"
"MtCCA","TRNT1"
"RPEM","TRNT1"
"SIFD","TRNT1"
"TRUB2","TRUB2"
"CLONE24922","TRUB2"
"TXNRD2","TXNRD2"
"GCCD5","TXNRD2"
"SELZ","TXNRD2"
"TR","TXNRD2"
"TR-BETA","TXNRD2"
"TR3","TXNRD2"
"TRXR2","TXNRD2"
"TXNR2","TXNRD2"
"TSPO","TSPO"
"BPBS","TSPO"
"BZRP","TSPO"
"DBI","TSPO"
"IBP","TSPO"
"MBR","TSPO"
"PBR","TSPO"
"PBS","TSPO"
"PKBS","TSPO"
"PTBR","TSPO"
"TSPO1","TSPO"
"mDRC","TSPO"
"pk18","TSPO"
"TSTD3","TSTD3"
"UQCC1","UQCC1"
"BFZB","UQCC1"
"C20orf44","UQCC1"
"CBP3","UQCC1"
"UQCC","UQCC1"
"UQCC2","UQCC2"
"C6orf125","UQCC2"
"C6orf126","UQCC2"
"Cbp6","UQCC2"
"M19","UQCC2"
"MC3DN7","UQCC2"
"MNF1","UQCC2"
"bA6B20.2","UQCC2"
"UQCC3","UQCC3"
"C11orf83","UQCC3"
"CCDS41658.1","UQCC3"
"MC3DN9","UQCC3"
"UNQ655","UQCC3"
"VDAC1","VDAC1"
"PORIN","VDAC1"
"VDAC-1","VDAC1"
"VDAC2","VDAC2"
"POR","VDAC2"
"VDAC3","VDAC3"
"HD-VDAC3","VDAC3"
"VDAC-3","VDAC3"
"CYP27B1","CYP27B1"
"CP2B","CYP27B1"
"CYP1","CYP27B1"
"CYP1alpha","CYP27B1"
"CYP27B","CYP27B1"
"P450c1","CYP27B1"
"PDDR","CYP27B1"
"VDD1","CYP27B1"
"VDDR","CYP27B1"
"VDDRI","CYP27B1"
"VDR","CYP27B1"
"VWA8","VWA8"
"KIAA0564","VWA8"
"P7BP2","VWA8"
"RP97","VWA8"
"YRDC","YRDC"
"DRIP3","YRDC"
"GAMOS10","YRDC"
"IRIP","YRDC"
"SUA5","YRDC"
"SLC30A9","SLC30A9"
"BILAPES","SLC30A9"
"C4orf1","SLC30A9"
"GAC63","SLC30A9"
"HUEL","SLC30A9"
"ZNT9","SLC30A9"
